<assembly xmlns="http://maven.apache.org/ASSEMBLY/2.0.0"
          xmlns:xsi="http://www.w3.org/2001/XMLSchema-instance"
          xsi:schemaLocation="http://maven.apache.org/ASSEMBLY/2.0.0
          http://maven.apache.org/xsd/assembly-2.0.0.xsd">
    <id>release</id>
    <formats>
        <format>tar</format>
        <format>dir</format>
    </formats>
    <fileSets>
        <fileSet>
            <directory>src/main/resources/bin</directory>
            <outputDirectory>bin</outputDirectory>
            <fileMode>0755</fileMode>
            <includes>
                <include>**</include>
            </includes>
        </fileSet>
        <fileSet>
            <directory>src/main/resources</directory>
            <includes>
                <include>**</include>
            </includes>
            <excludes>
                <exclude>assembly.xml</exclude>
                <exclude>bin/**</exclude>
            </excludes>
            <outputDirectory>conf</outputDirectory>
            <fileMode>0644</fileMode>
        </fileSet>
        <!--<fileSet>-->
            <!--<directory>${project.build.directory}</directory>-->
            <!--<outputDirectory>/</outputDirectory>-->
            <!--<includes>-->
                <!--<include>*.jar</include>-->
            <!--</includes>-->
        <!--</fileSet>-->
    </fileSets>
    <dependencySets>
        <dependencySet>
            <outputDirectory>/lib</outputDirectory>
            <scope>runtime</scope>
            <!--<excludes>-->
                <!--<exclude>${groupId}:${artifactId}</exclude>-->
            <!--</excludes>-->
        </dependencySet>
    </dependencySets>
</assembly>